icb_code,year,fx_asthma__qof_prevalence,fx_chd__qof_prevalence,fx_copd__qof_prevalence,fx_depression__qof_prevalence,fx_diabetes__qof_prevalence,fx_heart_failure__qof_prevalence,fx_hypertension__qof_prevalence,fx_obesity__qof_prevalence__new_definition,fx_deprivation_score__imd_2019
QE1,2022,7.53037,3.82391,2.44754,15.7774,7.56338,1.19225,15.65035,,25.9982715274201
QE1,2023,7.57723,3.76514,2.39512,16.69633,7.79712,1.24536,16.17516,,25.9982715274201
QE1,2024,7.54712,3.73178,2.38124,,8.03491,1.33547,16.67047,14.27966,25.9982715274201
QF7,2022,7.1696,3.4966,2.57163,13.78979,7.64801,1.15285,14.50419,,
QF7,2023,7.27597,3.43273,2.56336,14.3358,7.85247,1.19096,15.02677,,
QF7,2024,7.37643,3.39147,2.67186,,8.02643,1.25964,15.44882,14.57335,
QGH,2022,6.94108,3.38966,2.08906,14.227,7.55775,1.16889,16.41887,,18.2856093750816
QGH,2023,7.05052,3.35804,2.08084,14.97146,7.69572,1.20328,17.37258,,18.2856093750816
QGH,2024,7.12039,3.34732,2.1149,,7.85559,1.26998,18.04534,14.38044,18.2856093750816
QH8,2022,6.49577,2.89705,1.87396,11.42018,7.23043,0.91938,14.92709,,17.2580817813744
QH8,2023,6.57468,2.83876,1.84167,11.79877,7.40736,0.94562,15.20709,,17.2580817813744
QH8,2024,6.55094,2.79885,1.84199,,7.61059,1.03383,15.44751,10.781,17.2580817813744
QHG,2022,6.44586,2.56177,1.52369,10.91975,7.4377,0.76491,13.15884,,18.2023396106991
QHG,2023,6.42977,2.52888,1.4815,11.10568,7.91017,0.82664,13.45618,,18.2023396106991
QHG,2024,6.40504,2.50993,1.48423,,8.3018,0.84802,13.70397,11.31159,18.2023396106991
QHL,2022,6.40501,2.68653,1.49526,11.52795,8.86345,0.73428,12.29319,,
QHL,2023,6.42399,2.64035,1.44789,12.01682,9.01471,0.76369,12.63237,,
QHL,2024,6.36385,2.60232,1.45073,,9.15219,0.78945,12.79236,13.68613,
QHM,2022,7.23469,4.00697,2.82338,14.45318,8.01796,1.28349,16.0592,,
QHM,2023,7.31973,3.95777,2.78661,15.16172,8.278,1.34249,16.67214,,
QHM,2024,7.37993,3.90993,2.79892,,8.54366,1.42633,17.26088,16.54591,
QJ2,2022,7.257,3.5339,2.21128,14.32263,7.82613,1.21936,15.76353,,
QJ2,2023,7.39166,3.48189,2.18571,14.91689,8.00833,1.24521,16.28151,,
QJ2,2024,7.4647,3.45025,2.21714,,8.18769,1.35967,16.76474,13.84786,
QJG,2022,7.25415,3.47735,2.03622,12.87671,7.32745,1.22313,15.90569,,19.0156841976993
QJG,2023,7.38012,3.44401,2.01585,13.43992,7.48181,1.24505,16.40498,,19.0156841976993
QJG,2024,7.41418,3.42204,2.02748,,7.84097,1.33408,16.91363,13.2701,19.0156841976993
QJK,2022,7.52595,3.8452,2.27956,13.24415,7.31074,1.1091,15.80605,,20.1699124267529
QJK,2023,7.69717,3.86372,2.28608,13.81972,7.36315,1.19108,16.37456,,20.1699124267529
QJK,2024,7.72964,3.90095,2.3351,,7.45682,1.31766,16.96009,12.39503,20.1699124267529
QJM,2022,7.25953,4.00963,2.29462,13.8176,8.13357,1.45257,17.13691,,20.2904687308695
QJM,2023,7.33176,3.97076,2.34268,14.4577,8.3876,1.51556,17.64499,,20.2904687308695
QJM,2024,7.36016,3.96458,2.43827,,8.54411,1.72386,18.30378,14.96437,20.2904687308695
QK1,2022,6.26784,2.7498,1.60547,13.14384,8.15028,1.12901,14.26128,,18.2400010635381
QK1,2023,6.34052,2.70338,1.55802,13.54616,8.37082,1.20926,14.65454,,18.2400010635381
QK1,2024,6.36898,2.68171,1.55098,,8.68199,1.28159,15.05115,11.99343,18.2400010635381
QKK,2022,4.99879,1.79245,1.26934,10.34988,6.39207,0.5706,11.313,,22.2162059152924
QKK,2023,5.01419,1.77794,1.23955,10.96981,6.56604,0.58906,11.63363,,22.2162059152924
QKK,2024,4.99966,1.77092,1.24121,,6.81061,0.62739,11.80285,11.97031,22.2162059152924
QKS,2022,6.08008,2.83147,2.00643,14.87079,7.27839,0.84494,14.90163,,20.2103162243051
QKS,2023,6.14494,2.79731,1.97654,15.71131,7.5752,0.89918,15.45316,,20.2103162243051
QKS,2024,6.15514,2.76043,1.98342,,7.84128,0.9556,15.73832,12.59921,20.2103162243051
QM7,2022,6.16768,2.65295,1.48597,11.446,6.38703,0.75496,13.21244,,13.3118065727323
QM7,2023,6.16772,2.63982,1.46207,11.86832,6.56732,0.78928,13.63508,,13.3118065727323
QM7,2024,6.14752,2.6321,1.45708,,6.7475,0.85637,13.91474,11.05083,13.3118065727323
QMF,2022,4.81197,1.78958,1.04047,8.8763,7.74466,0.53846,10.27123,,25.8365086915446
QMF,2023,4.80431,1.76822,0.99139,9.226,7.90215,0.54563,10.51651,,25.8365086915446
QMF,2024,4.82795,1.77226,0.97118,,8.11795,0.57593,10.67328,13.2432,25.8365086915446
QMJ,2022,4.54704,1.81776,1.07805,9.84457,6.02251,0.58568,10.3942,,22.9841306829653
QMJ,2023,4.51373,1.81183,1.04191,10.49603,6.13428,0.60104,10.70967,,22.9841306829653
QMJ,2024,4.49975,1.81885,1.04164,,6.22806,0.63779,10.80428,9.68776,22.9841306829653
QMM,2022,7.70234,3.66719,2.26021,12.54802,7.82905,0.97222,16.36266,,21.7279230192054
QMM,2023,7.8589,3.68279,2.28053,13.29049,8.16471,1.05985,17.01216,,21.7279230192054
QMM,2024,7.93288,3.69612,2.31325,,8.49705,1.1194,17.52932,14.39119,21.7279230192054
QNC,2022,6.89935,3.48029,2.25281,14.47365,7.98733,1.10553,16.16918,,20.6381611082509
QNC,2023,6.94693,3.43697,2.24445,15.22571,8.2544,1.17875,16.75548,,20.6381611082509
QNC,2024,6.94727,3.43198,2.25585,,8.45819,1.27491,17.26687,14.28681,20.6381611082509
QNQ,2022,5.92397,2.62305,1.26054,11.82256,7.13763,0.87501,13.46615,,12.3247915814333
QNQ,2023,5.90361,2.62992,1.22427,12.45124,7.40647,0.91016,13.79584,,12.3247915814333
QNQ,2024,5.85702,2.64919,1.22106,,7.61895,0.94951,14.0379,12.63457,12.3247915814333
QOC,2022,7.1886,3.48271,1.92305,14.89001,7.46933,0.99446,15.84062,,19.9366247961692
QOC,2023,7.22125,3.47274,1.88722,15.58042,7.71458,1.0349,16.43208,,19.9366247961692
QOC,2024,7.19934,3.47175,1.88589,,7.86976,1.10818,17.10496,12.5567,19.9366247961692
QOP,2022,6.86288,3.04673,2.2277,14.79736,7.51494,0.89607,13.20424,,
QOP,2023,6.85967,2.98762,2.16272,15.91784,7.73763,0.93945,13.59854,,
QOP,2024,6.83887,2.94129,2.17546,,7.95163,0.9988,13.95812,14.1309,
QOQ,2022,7.02884,3.89891,2.33666,12.46476,7.3488,1.11366,16.01203,,
QOQ,2023,7.11646,3.86685,2.35811,13.0661,7.58217,1.14154,16.64754,,
QOQ,2024,7.14384,3.82258,2.41123,,7.85828,1.21674,17.19631,13.51208,
QOX,2022,7.07923,3.12239,1.68992,11.45357,7.11966,1.04511,14.60089,,14.2997731862178
QOX,2023,7.22298,3.12145,1.70524,11.75802,7.26879,1.09394,15.11756,,14.2997731862178
QOX,2024,7.21892,3.15809,1.77245,,7.41346,1.23649,15.54023,12.98564,14.2997731862178
QPM,2022,6.45917,2.87799,1.90623,14.47811,7.27705,0.96339,14.50616,,
QPM,2023,6.43545,2.82311,1.8975,14.83632,7.47797,0.96728,14.95966,,
QPM,2024,6.39809,2.77624,1.88861,,7.77761,1.01442,15.35128,12.50468,
QR1,2022,7.33015,3.30207,1.82015,11.90133,6.95127,1.03467,14.64563,,14.9321889488233
QR1,2023,7.42296,3.28759,1.82081,12.36958,7.25861,1.05402,15.56997,,14.9321889488233
QR1,2024,7.44937,3.29376,1.85229,,7.58784,1.10673,16.06805,11.84634,14.9321889488233
QRL,2022,6.98672,3.07317,1.94626,13.64983,6.94399,1.17244,14.82202,,17.2791652151318
QRL,2023,7.07703,3.06908,1.95795,14.35513,7.12575,1.22583,15.3369,,17.2791652151318
QRL,2024,7.0153,3.0652,2.02033,,7.32363,1.29968,15.81844,12.52625,17.2791652151318
QRV,2022,4.5253,2.00434,0.90201,7.38834,7.14066,0.5671,10.57089,,21.0262370471408
QRV,2023,4.46119,1.99564,0.86296,7.64387,7.18991,0.58205,10.87202,,21.0262370471408
QRV,2024,4.45173,2.00764,0.86365,,7.30248,0.61755,11.03104,10.87323,21.0262370471408
QSL,2022,7.172,3.79058,2.23623,15.35845,7.571,1.20398,17.07256,,18.5530165536374
QSL,2023,7.27194,3.78986,2.18686,16.14616,7.77616,1.28533,17.41925,,18.5530165536374
QSL,2024,7.30118,3.88149,2.22076,,8.00229,1.49401,18.1005,12.94178,18.5530165536374
QT1,2022,6.54501,3.12762,2.02677,12.00846,7.26849,1.02115,13.64843,,
QT1,2023,6.55315,3.06554,2.01159,12.45239,7.34322,1.06608,14.03679,,
QT1,2024,6.59634,3.01901,2.04839,,7.45211,1.12989,14.6196,13.09662,
QT6,2022,7.52733,4.3709,2.32425,12.69536,7.15445,1.6755,16.12802,,23.0249179451266
QT6,2023,7.73999,4.42359,2.39003,13.45245,7.31759,1.69508,16.85265,,23.0249179451266
QT6,2024,7.80907,4.52278,2.40886,,7.43989,1.75403,17.35593,12.66203,23.0249179451266
QU9,2022,6.26288,2.43766,1.28097,12.27679,5.80649,0.82318,13.05317,,11.2346519827963
QU9,2023,6.25748,2.44786,1.24789,12.82693,6.02901,0.87486,13.43675,,11.2346519827963
QU9,2024,6.24893,2.45865,1.23858,,6.21261,0.95213,13.78376,10.36283,11.2346519827963
QUA,2022,6.63391,3.5775,2.06887,13.07573,9.20132,0.9965,15.30999,,
QUA,2023,6.64703,3.53817,2.03232,13.73674,9.50731,1.056,15.55925,,
QUA,2024,6.6035,3.49102,2.00779,,9.71506,1.1269,15.80133,17.37493,
QUE,2022,6.41719,2.75184,1.70715,10.9475,6.38011,0.84818,12.67739,,
QUE,2023,6.44321,2.74487,1.68907,11.50386,6.5438,0.89895,13.00284,,
QUE,2024,6.46214,2.75919,1.70008,,6.75134,0.95137,13.44045,11.54858,
QUY,2022,6.71585,2.71764,1.75748,13.98057,6.2178,0.95224,12.51272,,19.6928713744339
QUY,2023,6.73299,2.71059,1.73476,14.6374,6.43231,1.00354,13.09217,,19.6928713744339
QUY,2024,6.71216,2.71656,1.76879,,6.55853,1.06361,13.41781,10.79628,19.6928713744339
QVV,2022,7.46574,4.20047,2.14633,12.50292,6.99516,1.33394,15.92474,,16.986336948387
QVV,2023,7.66948,4.19971,2.11924,12.96464,7.20282,1.44856,16.46641,,16.986336948387
QVV,2024,7.65602,4.19589,2.14364,,7.39034,1.55789,16.79101,10.95751,16.986336948387
QWE,2022,4.90229,1.91011,1.06222,9.3627,5.92865,0.55857,10.63721,,15.9368049725767
QWE,2023,4.91928,1.9015,1.03657,9.88786,6.06407,0.58615,10.92523,,15.9368049725767
QWE,2024,4.96878,1.89306,1.02577,,6.18976,0.62546,11.10193,9.76123,15.9368049725767
QWO,2022,7.04888,3.09102,2.12458,13.34681,7.85076,0.95045,13.77197,,
QWO,2023,7.14794,3.04983,2.09197,13.83183,8.09259,0.9836,14.27839,,
QWO,2024,7.13028,2.99801,2.08061,,8.30183,1.04129,14.69721,13.88019,
QWU,2022,6.19177,2.53268,1.59975,13.35236,6.98885,0.8679,13.91225,,19.4570387373505
QWU,2023,6.15997,2.49011,1.59219,14.03781,7.18909,0.94494,14.36805,,19.4570387373505
QWU,2024,6.1166,2.46749,1.58728,,7.38968,0.99479,14.61966,12.48651,19.4570387373505
QYG,2022,6.98045,3.63256,2.53397,16.00486,7.21793,1.20641,15.36333,,28.1159129533068
QYG,2023,7.02551,3.63016,2.53476,16.78166,7.37636,1.27702,15.90176,,28.1159129533068
QYG,2024,7.03062,3.66547,2.52973,,7.55684,1.38629,16.33598,14.04595,28.1159129533068
